id,first_name,last_name,email,gender,ip_address
1,Corrie,Hearsum,chearsum0@narod.ru,Male,175.249.248.71
2,Leslie,Feyer,lfeyer1@nytimes.com,Female,70.101.169.110
3,Maryl,Goodburn,mgoodburn2@wp.com,Female,10.155.11.229
4,Kelsey,Munby,kmunby3@freewebs.com,Male,66.179.31.254
5,Rodolph,Deabill,rdeabill4@shutterfly.com,Male,107.156.210.148
6,Iormina,Whorlton,iwhorlton5@unc.edu,Female,113.189.231.26
7,Corinne,Dubble,cdubble6@kickstarter.com,Female,61.249.129.154
8,Kristal,Dwelley,kdwelley7@google.de,Female,125.79.2.55
9,Callida,Hazart,chazart8@prnewswire.com,Female,159.8.55.133
10,Ruben,Ranahan,rranahan9@shop-pro.jp,Male,164.249.93.20
